ID,Surname,Email,Date,Category
97,Boyle,gcollier@golden.com,2021-10-06,N/A
40,Moyer,samantha34@mccarthy.com,2021-09-26,N/A
07,Pacheco,jeffrey24@douglas-landry.com,2020-03-02,N/A
148,Ortega,wflynn@andersen.com,2020-03-10,N/A
181,Alvarez,jessica41@klein.biz,2022-05-16,N/A
231,Tyler,fsuarez@cooper-montes.biz,2020-01-01,N/A
130,Gaines,luis82@sparks.com,2022-04-21,N/A
171,Ferrell,frederickmisty@carpenter-nielsen.net,2020-05-03,N/A
173,Marsh,luis12@buck.com,2021-04-27,N/A
7,Callahan,oneilldamon@spencer.com,2020-10-31,N/A
238,Griffin,melvindrake@friedman-bradley.com,2021-02-08,N/A
136,May,mercedes11@floyd-hall.com,2022-05-03,N/A
49,Meadows,hohailey@anthony.com,2020-09-02,N/A
107,Short,adrian55@gardner-gaines.com,2021-06-22,N/A
245,Daniel,obates@bennett-nicholson.net,2020-09-27,N/A
250,Petersen,calhounalisha@hardin.net,2021-06-28,N/A
75,Morton,valerie35@olsen.com,2020-10-26,N/A
86,Rhodes,rmcfarland@shelton.com,2020-01-23,N/A
153,Wiley,marisa13@hickman.com,2021-09-13,N/A
165,Bradshaw,charlottemercer@hensley.net,2021-09-12,N/A
174,Lamb,hayleyritter@price.net,2021-07-24,N/A
88,Rosales,dawncoffey@barker.com,2020-10-21,N/A
50,Vasquez,craigwhitney@carrillo.info,2022-04-25,N/A
229,Jackson,qmcdaniel@cruz.net,2021-09-24,N/A
36,Klein,vernonrush@harvey.com,2022-05-15,N/A
120,Abbott,mosleyross@lawrence.com,2020-11-13,N/A
202,Gallegos,eschultz@salas.com,2020-03-06,N/A
133,Reese,phelpsandres@hartman-cooper.org,2020-03-01,N/A
23,Suarez,manuel95@holden-franklin.com,2021-03-01,N/A
218,Medina,savannah10@simpson.com,2020-01-03,N/A
240,Gates,colealexander@turner.biz,2020-03-23,N/A
179,Mcfarland,ashley39@garrison.com,2021-03-10,N/A
2021,Cummings,vgilbert@romero.biz,2021-06-27,N/A
14,Stephens,weaverclinton@zamora.org,2021-05-18,N/A
247,Horn,lweeks@hooper.org,2021-10-05,N/A
180,Duffy,katie93@norris.biz,2020-01-14,N/A
93,Shaffer,elutz@medina-garcia.com,2022-01-16,N/A
140,Wong,jasmin18@juarez-richmond.com,2021-05-25,N/A
178,Gregory,yreyes@rowe.com,2020-03-25,N/A
81,Cantu,urangel@espinoza-francis.net,2020-11-24,N/A
26,Richards,bcole@stevens.com,2020-12-05,N/A
125,Ford,hillterrance@gamble.info,2020-06-15,N/A
227,Flynn,zramos@haney.org,2020-08-17,N/A
59,Collier,nwu@brady-chen.com,2021-09-30,N/A
239,Mckay,carrillokenneth@bowman-montoya.com,2021-03-09,N/A
54,Simpson,kerriray@owen-stone.info,2021-09-04,N/A
155,West,ocole@sanders-lowery.net,2021-01-10,N/A
186,Christian,marthaguerra@anderson.com,2020-03-27,N/A
172,Collins,weavermeagan@sampson.com,2021-10-28,N/A
74,Hoover,harmonmadison@finley-clarke.net,2020-04-10,N/A
53,Walton,maystiffany@davidson.com,2021-12-20,N/A
159,Bullock,kari95@henry.org,2021-03-16,N/A
199,Richard,lucas94@barrera.com,2021-03-15,N/A
169,Henry,karlgarrett@fischer.biz,2020-05-19,N/A
76,Byrd,bweaver@levy.info,2020-10-11,N/A
113,Tanner,hsantos@lopez.info,2022-01-26,N/A
135,Oconnell,bonillaalex@cervantes.org,2020-06-17,N/A
211,Eaton,lindsayrocha@preston.org,2021-11-17,N/A
232,Hawkins,danielbuckley@hatfield.info,2020-04-12,N/A
249,Hodge,xreese@hall-donovan.com,2021-12-25,N/A
208,Vance,jessica36@hart.com,2021-02-01,N/A
6,Irwin,patricialeach@hernandez.biz,2022-05-10,N/A
162,Lawson,alexandraroy@juarez-kane.com,2021-03-20,N/A
56,Leonard,ivanhiggins@charles-estrada.com,2020-02-26,N/A
89,Brown,cwolf@arellano.com,2022-01-15,N/A
233,Estes,gabrielaleach@rose.net,2022-03-22,N/A
29,Terry,natasha83@delacruz-edwards.com,2020-10-12,N/A
68,Walker,basschristian@faulkner.com,2021-04-25,N/A
78,Salas,sabrinaerickson@wise.info,2020-07-06,N/A
28,Harrison,robbinsgordon@dyer-kim.info,2020-09-18,N/A
110,Hurley,haleybraun@blevins-sexton.com,2020-04-30,N/A
2020,Moreno,pammorales@james-benjamin.net,2022-04-17,N/A
138,Myers,tiffany09@perkins.com,2020-06-24,N/A
201,Wiggins,oscar33@holden-morrow.com,2020-10-04,N/A
213,Stuart,fenglish@warner.net,2020-01-29,N/A
187,Fowler,jake39@little.com,2021-08-04,N/A
161,Hooper,samuelwelch@reid.net,2021-10-18,N/A
230,Dickson,changkellie@howell.com,2021-02-16,N/A
85,Buchanan,alfredbradford@perry.com,2021-09-29,N/A
1,Savage,cheyenne64@solomon.net,2020-02-11,N/A
46,Washington,cuevasgeorge@navarro-mcmahon.com,2020-04-26,N/A
143,Mccormick,katie69@romero.net,2020-02-13,N/A
154,Cortez,billymorris@lambert-irwin.com,2021-12-29,N/A
150,Lopez,ngilmore@bush.net,2020-04-22,N/A
9,Moran,wisediane@dean.com,2021-09-19,N/A
99,Franco,maureen18@barr.org,2020-05-17,N/A
121,Stafford,nataliefarley@richardson.com,2020-08-05,N/A
09,Tran,briangriffin@chang.org,2020-03-22,N/A
129,Jordan,andrewsanders@marks.com,2020-05-21,N/A
02,Noble,hhuerta@morris-case.info,2020-08-27,N/A
170,Manning,joanne07@pennington.com,2022-05-13,N/A
219,Serrano,jerry26@hudson-acevedo.net,2020-05-27,N/A
18,Keith,perry87@nichols.biz,2020-07-21,N/A
19,Davies,sharpgreg@rubio-garrison.org,2021-09-08,N/A
124,Hamilton,tonyaruiz@farmer.com,2021-09-02,N/A
4,Mueller,madisoncarey@spence-beck.info,2021-10-22,N/A
236,Pruitt,beckyshaw@bradley-booth.com,2021-01-28,N/A
22,Lin,shelley82@jarvis.com,2021-11-18,N/A
147,Merritt,austinvang@glenn.com,2021-12-09,N/A
87,Esparza,elizabethcopeland@morris-moss.info,2020-02-28,N/A
132,Powell,meredith05@lawrence-shaw.com,2021-08-17,N/A
13,Rush,lacey04@cross.com,2020-11-08,N/A
32,Schmidt,harold11@mullen.org,2021-01-15,N/A
08,Pollard,xtapia@hensley.info,2020-10-22,N/A
177,Garza,ericksoncheyenne@taylor.com,2021-04-29,N/A
191,Cantrell,basskaylee@lynn-gill.biz,2020-09-24,N/A
109,Bender,hmccarty@sharp.biz,2020-10-01,N/A
176,Hansen,amy99@booker.com,2020-12-31,N/A
111,Meza,xortiz@gates.com,2021-04-02,N/A
198,Mack,lauren64@faulkner-hood.info,2020-05-07,N/A
184,Fischer,malik63@frazier-nichols.biz,2021-05-11,N/A
122,Murillo,wcole@bell.info,2020-12-20,N/A
221,Harper,kristina23@carr-arias.com,2020-04-11,N/A
215,Hoffman,damon39@terrell.com,2021-06-02,N/A
57,Pittman,nichole45@michael.org,2021-08-19,N/A
3,Gillespie,knappalisha@franco.org,2021-07-13,N/A
06,Ortiz,emullins@simpson-christensen.com,2020-01-12,N/A
30,Hubbard,tasha85@wilson.biz,2021-03-02,N/A
35,Woods,samuel97@wyatt.com,2021-06-26,N/A
90,Huff,meghanfernandez@patel-todd.com,2020-09-17,N/A
80,Fitzpatrick,nlane@kane-pennington.com,2021-09-09,N/A
05,Ayala,watkinsevan@ward.biz,2021-07-15,N/A
77,Fuller,sharigriffin@cameron.com,2020-06-14,N/A
168,Hurst,chavezrandall@mckinney-stafford.net,2020-10-19,N/A
237,Ewing,romeroangie@cunningham.org,2021-07-27,N/A
142,Vaughan,austinhobbs@briggs.com,2020-08-26,N/A
118,Arellano,ckhan@underwood.net,2020-07-05,N/A
190,Webster,cristian16@hill-beard.com,2020-11-06,N/A
104,Pearson,woodsdevin@maldonado.org,2022-01-02,N/A
24,Mejia,cowandeanna@house.com,2020-11-12,N/A
8,Mayer,carpenterkylie@chambers-frost.com,2021-08-01,N/A
12,Williamson,joconnor@cooley.com,2020-12-24,N/A
79,Ponce,lonnieguerra@cooke.com,2021-11-27,N/A
60,Tapia,mayerjerome@hurst-graham.net,2021-01-12,N/A
126,Golden,dominguezparker@preston.net,2022-03-23,N/A
156,Wilson,breanna32@mayer.net,2021-05-02,N/A
61,Garrett,shanecuevas@terry.com,2021-06-17,N/A
248,Middleton,kwarner@barrera.org,2021-02-11,N/A
62,Molina,gregghendricks@conner-weiss.info,2022-04-14,N/A
212,Hendrix,daniel75@hansen.com,2020-03-31,N/A
216,Fletcher,yolanda40@rhodes.com,2020-03-15,N/A
58,Morse,spencerbright@powell.biz,2021-03-17,N/A
98,Blackwell,hebertdarin@kidd.com,2020-06-30,N/A
210,Barker,iosborn@brady.com,2021-07-03,N/A
203,Huerta,vincent58@norton.com,2020-07-02,N/A
224,Long,rpace@huynh.com,2020-09-20,N/A
241,Shea,luceromaxwell@wong.biz,2021-05-21,N/A
189,Andersen,shortfrederick@cobb.net,2021-12-05,N/A
196,Gallagher,daltonrangel@prince.biz,2020-10-13,N/A
207,Brock,cannonshirley@carson-dorsey.com,2021-08-13,N/A
63,Cobb,rothkerry@atkins-porter.com,2021-04-07,N/A
149,Payne,garymelton@petersen-lam.org,2021-05-27,N/A
17,Chen,miguelmathis@crawford.info,2020-12-29,N/A
235,Hayden,usloan@harrington.com,2020-08-07,N/A
04,Saunders,josephchaney@roach-rocha.info,2020-05-23,N/A
11,Ryan,yhebert@hays-rivera.com,2021-01-26,N/A
200,Carpenter,qlarson@berry.biz,2020-08-09,N/A
41,Hammond,alisonsanders@durham.com,2020-01-26,N/A
108,Cardenas,davefarmer@neal-farrell.org,2020-12-18,N/A
192,Crawford,tammyspence@day.org,2021-03-30,N/A
27,Kemp,mindy15@fuentes.org,2021-01-17,N/A
37,Miller,lonnielittle@hoffman-meadows.com,2020-10-29,N/A
115,Arnold,patrickfelicia@goodwin.org,2021-10-29,N/A
123,Hale,mbonilla@hampton.com,2021-06-11,N/A
5,Lawrence,damonhowe@larsen.org,2020-04-09,N/A
55,Stanley,willie99@snyder.com,2020-09-05,N/A
96,Chase,gabriellanorton@robertson.org,2021-02-06,N/A
243,Forbes,xrollins@mcfarland.com,2022-05-12,N/A
84,Knight,sandy44@thomas.com,2020-10-17,N/A
228,Robbins,bjordan@small-black.com,2021-05-01,N/A
21,Paul,brandibarker@peterson.net,2020-12-12,N/A
166,Shannon,edward56@parks.biz,2020-01-22,N/A
223,Bennett,thomasnicholas@blankenship-ford.com,2021-12-17,N/A
101,Thomas,duartejohnathan@pennington.com,2021-09-17,N/A
10,Sanford,yolanda69@rosario.com,2020-11-02,N/A
72,Barrera,biancahenry@hernandez.org,2022-03-03,N/A
105,Boone,joanna47@davidson.org,2021-12-16,N/A
209,Guerra,russorussell@galloway.biz,2021-01-25,N/A
217,Foster,gacosta@stephenson-tyler.biz,2022-01-09,N/A
226,Owens,brendanbarrera@gill-thornton.info,2021-01-23,N/A
164,Chapman,dgould@graham-winters.com,2021-04-17,N/A
69,Bush,dana05@hester.net,2021-01-04,N/A
91,Valencia,alan50@hobbs.info,2022-02-12,N/A
100,Drake,hortonmiguel@mays-rivers.org,2020-10-09,N/A
167,Mcclure,barry91@howe.info,2020-09-10,N/A
92,Small,vbooker@donovan-stokes.info,2020-03-28,N/A
116,Singleton,michaela80@russell.com,2020-11-26,N/A
244,Hunter,ldelacruz@spence.com,2021-10-21,N/A
70,Huang,gabrielarobbins@hawkins-bernard.com,2021-10-12,N/A
15,Ramos,burnettrebecca@brewer.info,2021-07-05,N/A
65,Steele,timothyrivera@wade-galloway.net,2020-05-05,N/A
206,Mitchell,peggy95@park.info,2021-08-22,N/A
48,Mullins,ydavid@potter.com,2021-12-12,N/A
42,Whitehead,anthonyzuniga@tucker.com,2021-07-23,N/A
94,Booth,kanthony@osborne.com,2021-06-29,N/A
106,Peterson,vernon36@browning.info,2020-06-23,N/A
64,Archer,jerrygates@garner.net,2020-10-02,N/A
71,Lee,alvaradojesse@rangel-shields.com,2021-11-24,N/A
128,Stanton,bauergerald@morrison.com,2020-11-15,N/A
197,Spears,dorothy66@howe-kim.com,2022-03-17,N/A
117,Calderon,kdavies@owen-humphrey.info,2020-04-27,N/A
144,Berger,moneal@hudson.biz,2021-01-31,N/A
52,Ramsey,lydiameyers@frederick.com,2020-08-30,N/A
214,Cowan,toddmcmahon@beard-lambert.com,2021-04-10,N/A
204,Bautista,wwhite@perez.com,2020-12-30,N/A
234,Sanchez,hburke@duke-mcmahon.com,2021-01-24,N/A
2,Pope,yolanda53@thomas.info,2022-01-13,N/A
38,Bridges,aserrano@webb.org,2021-07-09,N/A
175,Sims,veronicablankenship@pace.com,2022-03-24,N/A
160,Santana,ehampton@lopez-brandt.org,2020-05-10,N/A
151,Sutton,reginahancock@walker.org,2020-07-15,N/A
45,Browning,jacobskurt@dalton-small.com,2021-12-10,N/A
